Epoch,Loss
1,0.4786450105756985
2,0.2705321746916043
3,0.2224194998867415
4,0.201447520532712
5,0.1905245345515254
6,0.17020567130541134
7,0.17272716196619461
